{"compiles": true, "crashes": false, "coverage": 0.006838580994443653, "line_coverage_diff": 0.008488745980707396, "coverage_report_path": "gs://oss-fuzz-gcb-experiment-run-logs/test-cloud-ochang3777bb2c-c551-474c-b62a-158595255d9c.coverage"}