{"compiles": true, "crashes": false, "coverage": 0.02629016553067186, "line_coverage_diff": 0.02422360248447205, "coverage_report_path": "gs://oss-fuzz-gcb-experiment-run-logs/test-cloud-ochang8f625038-5745-41d9-b64e-2b8532cd8514.coverage"}