{"compiles": true, "crashes": false, "coverage": 0.0402321083172147, "line_coverage_diff": 0.0020800832033281333, "coverage_report_path": "gs://oss-fuzz-gcb-experiment-run-logs/test-cloud-ochang658da480-5741-4e25-b59e-613a3a5c948f.coverage"}