{"compiles": true, "crashes": false, "coverage": 0.0056797286805867694, "line_coverage_diff": 0.000671491457136462, "coverage_report_path": "gs://oss-fuzz-gcb-experiment-run-logs/test-cloud-ochang8b139da4-2c4c-4be4-ba23-44349c4a3844.coverage"}