{"compiles": true, "crashes": false, "coverage": 0.022300140252454418, "line_coverage_diff": 0.00418712099335836, "coverage_report_path": "gs://oss-fuzz-gcb-experiment-run-logs/test-cloud-ochangca12558b-c91e-4661-bb6e-a795cf242610.coverage"}