{"compiles": true, "crashes": false, "coverage": 0.003148511612692182, "line_coverage_diff": 0.0006621651868984555, "coverage_report_path": "gs://oss-fuzz-gcb-experiment-run-logs/test-cloud-ochang901cd887-ac97-45df-8082-e790f9197d08.coverage"}