{"compiles": true, "crashes": false, "coverage": 0.27410358565737053, "line_coverage_diff": 0.024143985952589993, "coverage_report_path": "gs://oss-fuzz-gcb-experiment-run-logs/test-cloud-ochang850ce8ec-3534-4705-8823-f06e06e8fcf7.coverage"}