{"compiles": true, "crashes": false, "coverage": 0.04049405878674171, "line_coverage_diff": 0.011962082455612399, "coverage_report_path": "gs://oss-fuzz-gcb-experiment-run-logs/test-cloud-ochang52a7c49d-20f1-4363-943a-f9880578adf0.coverage"}