{"compiles": true, "crashes": false, "coverage": 0.006131773004168003, "line_coverage_diff": 0.00041035589047228233, "coverage_report_path": "gs://oss-fuzz-gcb-experiment-run-logs/test-cloud-ochanga6110e86-4e70-4cbe-876f-d9fbe94f9008.coverage"}