{"compiles": true, "crashes": false, "coverage": 0.14573643410852713, "line_coverage_diff": 0.00749211356466877, "coverage_report_path": ""}