{"compiles": true, "crashes": false, "coverage": 0.0006072055053299149, "line_coverage_diff": 0.00018182148766341207, "coverage_report_path": "gs://oss-fuzz-gcb-experiment-run-logs/test-cloud-ochang54d7b7db-800e-4d0f-84e1-04873e9d1f20.coverage"}