{"compiles": true, "crashes": true, "coverage": 0.10569105691056911, "line_coverage_diff": 0.018705338377469526, "coverage_report_path": "gs://oss-fuzz-gcb-experiment-run-logs/test-cloud-ochang040ed59e-2e34-41c6-a666-31c1b186b031.coverage"}