{"compiles": true, "crashes": true, "coverage": 0.09497413155949741, "line_coverage_diff": 0.013871374527112233, "coverage_report_path": "gs://oss-fuzz-gcb-experiment-run-logs/test-cloud-ochang7e1879f8-a937-4491-b06d-3a3c3d21336c.coverage"}