{"compiles": true, "crashes": true, "coverage": 0.014356548619323251, "line_coverage_diff": 0.0025947348505324613, "coverage_report_path": ""}