{"compiles": true, "crashes": true, "coverage": 0.010774242044600351, "line_coverage_diff": 0.0023411371237458192, "coverage_report_path": "gs://oss-fuzz-gcb-experiment-run-logs/test-cloud-ochange463edf6-e5b8-42df-b088-85d388047ab1.coverage"}