{"compiles": true, "crashes": false, "coverage": 0.8351477449455676, "line_coverage_diff": 0.008177868642984922, "coverage_report_path": "gs://oss-fuzz-gcb-experiment-run-logs/test-cloud-ochang786301e4-759f-4216-99ad-b6e1b39ca2b9.coverage"}