{"compiles": true, "crashes": false, "coverage": 0.2569832402234637, "line_coverage_diff": 0.02019315188762072, "coverage_report_path": "gs://oss-fuzz-gcb-experiment-run-logs/test-cloud-ochang5d475310-018d-4780-991c-9ce4908bdf26.coverage"}