{"compiles": true, "crashes": false, "coverage": 0.04157320953523551, "line_coverage_diff": 0.008143200240168118, "coverage_report_path": "gs://oss-fuzz-gcb-experiment-run-logs/test-cloud-ochang526910c4-f945-4217-8532-1854c888c790.coverage"}