{"compiles": true, "crashes": false, "coverage": 0.023933352127463083, "line_coverage_diff": 0.09432154762021135, "coverage_report_path": "gs://oss-fuzz-gcb-experiment-run-logs/test-cloud-ochang7c3718f2-a6a0-4757-bc94-1d2d49a7969d.coverage"}