{"compiles": true, "crashes": false, "coverage": 0.3213898777279059, "line_coverage_diff": 0.0034190575293592982, "coverage_report_path": "gs://oss-fuzz-gcb-experiment-run-logs/test-cloud-ochang3af9bb12-22e2-405f-8ba8-94822e9a902f.coverage"}