{"compiles": true, "crashes": false, "coverage": 0.03814852492370295, "line_coverage_diff": 0.014938684503901895, "coverage_report_path": "gs://oss-fuzz-gcb-experiment-run-logs/test-cloud-ochang069cfc9e-7758-4e71-b424-f51ce35537ad.coverage"}