{"compiles": true, "crashes": false, "coverage": 0.6492478226444972, "line_coverage_diff": 0.002820432466311501, "coverage_report_path": "gs://oss-fuzz-gcb-experiment-run-logs/test-cloud-ochang6febc199-305d-42c0-835b-211910a8f338.coverage"}