{"compiles": true, "crashes": false, "coverage": 0.11067193675889328, "line_coverage_diff": 0.006145741878841089, "coverage_report_path": "gs://oss-fuzz-gcb-experiment-run-logs/test-cloud-ochang4c531d68-19a6-4d42-80c7-7eef9b08b2c9.coverage"}