{"compiles": true, "crashes": false, "coverage": 0.23703112529928172, "line_coverage_diff": 0.0013169446883230904, "coverage_report_path": "gs://oss-fuzz-gcb-experiment-run-logs/test-cloud-ochangec085523-1433-4367-b34e-927e23c90a7c.coverage"}