{"compiles": true, "crashes": false, "coverage": 0.16452648475120385, "line_coverage_diff": 0.0013169446883230904, "coverage_report_path": "gs://oss-fuzz-gcb-experiment-run-logs/test-cloud-ochangd2d297b8-a616-4814-b9ca-a70981b33e4f.coverage"}