{"compiles": true, "crashes": false, "coverage": 0.0734566145092461, "line_coverage_diff": 0.005580468360737419, "coverage_report_path": "gs://oss-fuzz-gcb-experiment-run-logs/test-cloud-ochangcff66362-5f57-4486-9935-f47e5aae802e.coverage"}