{"compiles": true, "crashes": false, "coverage": 0.03010718789407314, "line_coverage_diff": 0.004372408594044478, "coverage_report_path": "gs://oss-fuzz-gcb-experiment-run-logs/test-cloud-ochang7d6a5491-af62-4e4b-8bb1-c33877c5826d.coverage"}