{"compiles": true, "crashes": false, "coverage": 0.237829209896249, "line_coverage_diff": 0.0013169446883230904, "coverage_report_path": "gs://oss-fuzz-gcb-experiment-run-logs/test-cloud-ochang06583e54-37cf-4580-9ee5-a45e9a8d1269.coverage"}