{"compiles": true, "crashes": false, "coverage": 0.005901007587009755, "line_coverage_diff": 0.00041035589047228233, "coverage_report_path": "gs://oss-fuzz-gcb-experiment-run-logs/test-cloud-ochanga8bbe910-ebf3-47c2-a010-236be2d9923f.coverage"}