{"compiles": true, "crashes": false, "coverage": 0.4067796610169492, "line_coverage_diff": 0.007101792357118702, "coverage_report_path": "gs://oss-fuzz-gcb-experiment-run-logs/test-cloud-ochang650b7049-7b98-4686-a541-b748d8d636ef.coverage"}