{"compiles": true, "crashes": false, "coverage": 0.0372168284789644, "line_coverage_diff": 0.008356545961002786, "coverage_report_path": "gs://oss-fuzz-gcb-experiment-run-logs/test-cloud-ochangd66edbb3-2f71-4465-8993-62988065af13.coverage"}