{"compiles": true, "crashes": false, "coverage": 0.01126126126126126, "line_coverage_diff": 0.006528662420382166, "coverage_report_path": "gs://oss-fuzz-gcb-experiment-run-logs/test-cloud-ochang00057f07-7b9d-43ab-b90f-ab2929724539.coverage"}