{"compiles": true, "crashes": false, "coverage": 0.1532818532818533, "line_coverage_diff": 0.01025236593059937, "coverage_report_path": ""}