{"compiles": true, "crashes": true, "coverage": 0.09682187730968218, "line_coverage_diff": 0.017023959646910468, "coverage_report_path": "gs://oss-fuzz-gcb-experiment-run-logs/test-cloud-ochang3f28b290-9075-4292-beb1-74254d469f07.coverage"}