{"compiles": true, "crashes": false, "coverage": 0.006950303322486039, "line_coverage_diff": 0.00046631351190032084, "coverage_report_path": "gs://oss-fuzz-gcb-experiment-run-logs/test-cloud-ochang74df7ba1-4116-44db-ad56-3b455f592261.coverage"}