{"compiles": true, "crashes": true, "coverage": 0.06130755532943272, "line_coverage_diff": 0.0016722408026755853, "coverage_report_path": "gs://oss-fuzz-gcb-experiment-run-logs/test-cloud-ochangd1293618-414f-4f69-bd68-090c3f36937c.coverage"}