{"compiles": true, "crashes": true, "coverage": 0.009448736688243892, "line_coverage_diff": 0.008030621435004503, "coverage_report_path": "gs://oss-fuzz-gcb-experiment-run-logs/test-cloud-ochang791132e0-9d87-4265-8d45-1dc5dbae66a2.coverage"}