{"compiles": true, "crashes": false, "coverage": 0.03084198622391282, "line_coverage_diff": 0.00038881840134244667, "coverage_report_path": "gs://oss-fuzz-gcb-experiment-run-logs/test-cloud-ochang77745735-543a-4787-b99a-fdd82b1ee64c.coverage"}