{"compiles": true, "crashes": false, "coverage": 0.26119078661451545, "line_coverage_diff": 0.005949851253718657, "coverage_report_path": "gs://oss-fuzz-gcb-experiment-run-logs/test-cloud-ochang4613452d-fc68-4869-a52e-e389febc4598.coverage"}