{"compiles": true, "crashes": false, "coverage": 0.005503997428789522, "line_coverage_diff": 0.00041035589047228233, "coverage_report_path": "gs://oss-fuzz-gcb-experiment-run-logs/test-cloud-ochang21145dde-96cb-41a1-a648-2a512a274042.coverage"}