{"compiles": true, "crashes": true, "coverage": 0.09608277900960828, "line_coverage_diff": 0.013240857503152586, "coverage_report_path": "gs://oss-fuzz-gcb-experiment-run-logs/test-cloud-ochanga06a5814-24e9-4cfe-97c8-0fa47956b87f.coverage"}