{"compiles": true, "crashes": false, "coverage": 0.03732888146911519, "line_coverage_diff": 0.0012613294412310576, "coverage_report_path": ""}