{"compiles": true, "crashes": true, "coverage": 0.011986062717770035, "line_coverage_diff": 0.0017326017903551833, "coverage_report_path": "gs://oss-fuzz-gcb-experiment-run-logs/test-cloud-ochang56b7b263-b2d0-499a-aca2-339e07a95185.coverage"}