{"compiles": true, "crashes": false, "coverage": 0.40019474196689386, "line_coverage_diff": 0.004968944099378882, "coverage_report_path": "gs://oss-fuzz-gcb-experiment-run-logs/test-cloud-ochang49c82ed1-15e7-4385-8093-97973d3132b9.coverage"}