{"compiles": true, "crashes": false, "coverage": 0.02629016553067186, "line_coverage_diff": 0.02422360248447205, "coverage_report_path": "gs://oss-fuzz-gcb-experiment-run-logs/test-cloud-ochang09a5b821-3fcc-4173-a38a-53391ec1d050.coverage"}