{"compiles": true, "crashes": false, "coverage": 0.023920472196334266, "line_coverage_diff": 0.0033102618116160097, "coverage_report_path": "gs://oss-fuzz-gcb-experiment-run-logs/test-cloud-ochang759c0d88-adaa-49a4-942d-b99bb7d11736.coverage"}