{"compiles": true, "crashes": true, "coverage": 0.015860666791145412, "line_coverage_diff": 0.0026668108186028074, "coverage_report_path": ""}