{"compiles": true, "crashes": false, "coverage": 0.007249587176285795, "line_coverage_diff": 0.0008673431321345967, "coverage_report_path": "gs://oss-fuzz-gcb-experiment-run-logs/test-cloud-ochang10563d04-77df-470b-b1b1-1cd941c6ff53.coverage"}