{"compiles": true, "crashes": false, "coverage": 0.01126126126126126, "line_coverage_diff": 0.006528662420382166, "coverage_report_path": "gs://oss-fuzz-gcb-experiment-run-logs/test-cloud-ochang1b904456-a8f9-4227-9cc3-a7b701ca7984.coverage"}