{"compiles": true, "crashes": false, "coverage": 0.006542094287933925, "line_coverage_diff": 0.0007740804297545325, "coverage_report_path": "gs://oss-fuzz-gcb-experiment-run-logs/test-cloud-ochang46c0a85d-a360-4e72-8d08-cd3e94f70f11.coverage"}