{"compiles": true, "crashes": false, "coverage": 0.2527910685805423, "line_coverage_diff": 0.015364354697102721, "coverage_report_path": "gs://oss-fuzz-gcb-experiment-run-logs/test-cloud-ochang81d3193c-2953-49fb-be67-e704ad420214.coverage"}