{"compiles": true, "crashes": false, "coverage": 0.4011684518013632, "line_coverage_diff": 0.011801242236024845, "coverage_report_path": "gs://oss-fuzz-gcb-experiment-run-logs/test-cloud-ochang9736c7a6-57de-46b7-a160-956769670714.coverage"}