{"compiles": true, "crashes": false, "coverage": 0.014800514800514801, "line_coverage_diff": 0.00875796178343949, "coverage_report_path": "gs://oss-fuzz-gcb-experiment-run-logs/test-cloud-ochang08fc5b1f-2142-4ae5-8870-c3738445257c.coverage"}