{"compiles": true, "crashes": false, "coverage": 0.023583300106003287, "line_coverage_diff": 0.09475165935150881, "coverage_report_path": "gs://oss-fuzz-gcb-experiment-run-logs/test-cloud-ochangc7024091-8811-4b23-8ecd-d5976a3d985a.coverage"}