{"compiles": true, "crashes": false, "coverage": 0.03750898892564361, "line_coverage_diff": 0.00018417713747800107, "coverage_report_path": "gs://oss-fuzz-gcb-experiment-run-logs/test-cloud-ochang0e5caf7e-0ec4-4959-9662-6567030be242.coverage"}