{"compiles": true, "crashes": false, "coverage": 0.3074303405572755, "line_coverage_diff": 0.002081165452653486, "coverage_report_path": "gs://oss-fuzz-gcb-experiment-run-logs/test-cloud-ochang68929337-e49d-43b2-bd94-b1c639de4b95.coverage"}