{"compiles": true, "crashes": false, "coverage": 0.08358773077482193, "line_coverage_diff": 0.005635023840485479, "coverage_report_path": "gs://oss-fuzz-gcb-experiment-run-logs/test-cloud-ochang91546c33-7e09-4be6-9287-2baa753c567f.coverage"}