{"compiles": true, "crashes": false, "coverage": 0.03196276183087665, "line_coverage_diff": 0.009629852542882938, "coverage_report_path": "gs://oss-fuzz-gcb-experiment-run-logs/test-cloud-ochang465993ad-6e6b-4738-aa4e-8dd435799764.coverage"}