{"compiles": true, "crashes": false, "coverage": 0.30959752321981426, "line_coverage_diff": 0.0004459640255686041, "coverage_report_path": "gs://oss-fuzz-gcb-experiment-run-logs/test-cloud-ochangce04b5d4-63d1-4475-9e3e-78a353d3589e.coverage"}