{"compiles": true, "crashes": false, "coverage": 0.19304347826086957, "line_coverage_diff": 0.004249893752656183, "coverage_report_path": "gs://oss-fuzz-gcb-experiment-run-logs/test-cloud-ochange88b952d-4d53-4f8d-8030-82901ad261ba.coverage"}