{"compiles": true, "crashes": true, "coverage": 0.10458240946045824, "line_coverage_diff": 0.03530895334174023, "coverage_report_path": "gs://oss-fuzz-gcb-experiment-run-logs/test-cloud-ochanga995815d-8c4d-45d4-82ec-691b40130b2b.coverage"}