{"compiles": true, "crashes": false, "coverage": 0.03247320596458528, "line_coverage_diff": 0.09747895873859959, "coverage_report_path": "gs://oss-fuzz-gcb-experiment-run-logs/test-cloud-ochangfe7169a5-4793-4eee-8b69-d77052e460a0.coverage"}