{"compiles": true, "crashes": true, "coverage": 0.09940872135994087, "line_coverage_diff": 0.016813787305590584, "coverage_report_path": "gs://oss-fuzz-gcb-experiment-run-logs/test-cloud-ochangb379ced8-250d-4570-a0da-857104001399.coverage"}