{"compiles": true, "crashes": false, "coverage": 0.14767441860465116, "line_coverage_diff": 0.01084384858044164, "coverage_report_path": ""}