{"compiles": true, "crashes": false, "coverage": 0.005660377358490566, "line_coverage_diff": 0.0003917033499962695, "coverage_report_path": "gs://oss-fuzz-gcb-experiment-run-logs/test-cloud-ochang650cf8be-4065-4639-ac73-f97f8257b63f.coverage"}