{"compiles": true, "crashes": false, "coverage": 0.3098406312857806, "line_coverage_diff": 0.002081165452653486, "coverage_report_path": "gs://oss-fuzz-gcb-experiment-run-logs/test-cloud-ochang67b1c086-d953-4d04-83a3-b765ec08d459.coverage"}