{"compiles": true, "crashes": false, "coverage": 0.0630173564753004, "line_coverage_diff": 0.0010034735623311462, "coverage_report_path": "gs://oss-fuzz-gcb-experiment-run-logs/test-cloud-ochang90e2bb5d-3244-4670-8923-26ee9f428a9b.coverage"}