{"compiles": true, "crashes": false, "coverage": 0.23703112529928172, "line_coverage_diff": 0.0013169446883230904, "coverage_report_path": "gs://oss-fuzz-gcb-experiment-run-logs/test-cloud-ochangb76c2f22-934c-4b12-948b-a0069f9b8b29.coverage"}