{"compiles": true, "crashes": true, "coverage": 0.1008869179600887, "line_coverage_diff": 0.014922236233711644, "coverage_report_path": "gs://oss-fuzz-gcb-experiment-run-logs/test-cloud-ochang0eb7cecf-5001-4641-b2e1-074613a89459.coverage"}