{"compiles": true, "crashes": false, "coverage": 0.39824732229795523, "line_coverage_diff": 0.011801242236024845, "coverage_report_path": "gs://oss-fuzz-gcb-experiment-run-logs/test-cloud-ochange8b16071-b6d2-47fd-8b4f-e03d67c39679.coverage"}