{"compiles": true, "crashes": false, "coverage": 0.031817165521196865, "line_coverage_diff": 0.13511373522712833, "coverage_report_path": "gs://oss-fuzz-gcb-experiment-run-logs/test-cloud-ochanga7c6eb27-1e82-4710-b109-c6e1ac737354.coverage"}