{"compiles": true, "crashes": false, "coverage": 0.0009813542688910696, "line_coverage_diff": 0.00028876696505919725, "coverage_report_path": "gs://oss-fuzz-gcb-experiment-run-logs/test-cloud-ochang30638eeb-3fd3-45f5-b0ac-17604d373acd.coverage"}