{"compiles": true, "crashes": false, "coverage": 0.026022304832713755, "line_coverage_diff": 0.02251552795031056, "coverage_report_path": "gs://oss-fuzz-gcb-experiment-run-logs/test-cloud-ochangc4a69b18-667e-444c-8807-4421e5e9b731.coverage"}