{"compiles": true, "crashes": false, "coverage": 0.12307954933424377, "line_coverage_diff": 0.002391629297458894, "coverage_report_path": "gs://oss-fuzz-gcb-experiment-run-logs/test-cloud-ochange3646143-1941-4d96-9dd6-95d686084601.coverage"}