{"compiles": true, "crashes": true, "coverage": 0.0539468464894883, "line_coverage_diff": 0.09035812672176309, "coverage_report_path": "gs://oss-fuzz-gcb-experiment-run-logs/test-cloud-ochang34fc8664-1180-45d0-9e0c-39bc02f93d21.coverage"}