{"compiles": true, "crashes": false, "coverage": 0.02032520325203252, "line_coverage_diff": 0.0013169446883230904, "coverage_report_path": "gs://oss-fuzz-gcb-experiment-run-logs/test-cloud-ochanga2897e86-9792-4244-9782-783d1cd89411.coverage"}