{"compiles": true, "crashes": false, "coverage": 0.011583011583011582, "line_coverage_diff": 0.008917197452229299, "coverage_report_path": "gs://oss-fuzz-gcb-experiment-run-logs/test-cloud-ochangcfa74eab-8c72-4eeb-9098-235403053590.coverage"}