{"compiles": true, "crashes": true, "coverage": 0.10125646711012565, "line_coverage_diff": 0.021017234131988232, "coverage_report_path": "gs://oss-fuzz-gcb-experiment-run-logs/test-cloud-ochangb8127914-349c-402e-a366-7ec4a074f15f.coverage"}