{"compiles": true, "crashes": false, "coverage": 0.24820430965682364, "line_coverage_diff": 0.0021949078138718174, "coverage_report_path": "gs://oss-fuzz-gcb-experiment-run-logs/test-cloud-ochang1e01ec30-aa5e-43ac-9664-319d47e88f06.coverage"}