{"compiles": true, "crashes": false, "coverage": 0.03979460847240052, "line_coverage_diff": 0.03098927294398093, "coverage_report_path": "gs://oss-fuzz-gcb-experiment-run-logs/test-cloud-ochangb8812523-7b06-4840-9833-5ad35615548e.coverage"}