{"compiles": true, "crashes": true, "coverage": 0.09386548410938655, "line_coverage_diff": 0.013240857503152586, "coverage_report_path": "gs://oss-fuzz-gcb-experiment-run-logs/test-cloud-ochang26ec6739-95a9-4538-b4b8-6eb96b99d1bb.coverage"}