{"compiles": true, "crashes": false, "coverage": 0.40388349514563104, "line_coverage_diff": 0.006211180124223602, "coverage_report_path": "gs://oss-fuzz-gcb-experiment-run-logs/test-cloud-ochang0d8d975a-00f4-47d3-878d-de69a9921971.coverage"}