{"compiles": true, "crashes": false, "coverage": 0.16567360520003097, "line_coverage_diff": 0.0037163668797383677, "coverage_report_path": "gs://oss-fuzz-gcb-experiment-run-logs/test-cloud-ochangd2a231be-9ba6-405c-8794-557abd010074.coverage"}