{"compiles": true, "crashes": false, "coverage": 0.2091304347826087, "line_coverage_diff": 0.005949851253718657, "coverage_report_path": "gs://oss-fuzz-gcb-experiment-run-logs/test-cloud-ochangca703b22-37a2-438f-88e6-89fc7682d80f.coverage"}