{"compiles": true, "crashes": false, "coverage": 0.042155584528465885, "line_coverage_diff": 0.008328949675609328, "coverage_report_path": "gs://oss-fuzz-gcb-experiment-run-logs/test-cloud-ochang53ac0de5-710b-41af-8d29-86171efc7842.coverage"}