{"compiles": true, "crashes": true, "coverage": 0.09497413155949741, "line_coverage_diff": 0.014922236233711644, "coverage_report_path": "gs://oss-fuzz-gcb-experiment-run-logs/test-cloud-ochang676e8a24-c573-4fe7-b323-17c0fd799046.coverage"}