{"compiles": true, "crashes": true, "coverage": 0.007661000718218817, "line_coverage_diff": 0.006302869464256095, "coverage_report_path": "gs://oss-fuzz-gcb-experiment-run-logs/test-cloud-ochang2f42c6fb-2e59-4196-9a3e-80618026b107.coverage"}