{"compiles": true, "crashes": false, "coverage": 0.014426152240514425, "line_coverage_diff": 1.9674238333723174e-05, "coverage_report_path": "gs://oss-fuzz-gcb-experiment-run-logs/test-cloud-ochang62c746b3-5647-4ec3-98a0-41276307d7ef.coverage"}