{"compiles": true, "crashes": false, "coverage": 0.007130384167636787, "line_coverage_diff": 0.0017338534893801473, "coverage_report_path": "gs://oss-fuzz-gcb-experiment-run-logs/test-cloud-ochang2829fb03-85d7-4b12-89d7-a00c16510f4a.coverage"}